timestamp,sound,light,movement,temperature,humidity,heartrate
2026-01-20T16:15:30.204607+00:00,0,1071,10.42,24.7,60.63,
2026-01-20T16:15:30.760673+00:00,67,1071,0.11,24.71,60.6,
2026-01-20T16:15:31.304872+00:00,98,1083,0.13,24.71,60.56,
2026-01-20T16:15:31.852294+00:00,77,1075,0.1,24.72,60.58,
2026-01-20T16:15:32.405079+00:00,68,1085,0.08,24.73,60.58,
2026-01-20T16:15:32.961253+00:00,62,1072,0.09,24.73,60.58,
2026-01-20T16:15:33.508118+00:00,82,1072,0.09,24.71,60.6,
2026-01-20T16:15:34.059299+00:00,72,1082,0.1,24.73,60.59,
2026-01-20T16:15:34.611370+00:00,56,1072,0.1,24.74,60.57,
2026-01-20T16:15:35.168207+00:00,69,1086,0.11,24.74,60.52,
2026-01-20T16:15:35.717287+00:00,86,1072,0.1,24.75,60.45,
2026-01-20T16:15:36.266532+00:00,74,1065,0.11,24.74,60.4,
2026-01-20T16:15:36.816425+00:00,93,1081,0.12,24.72,60.39,
2026-01-20T16:15:37.368184+00:00,78,1070,0.09,24.74,60.4,
2026-01-20T16:15:37.921759+00:00,87,1072,0.09,24.75,60.45,
2026-01-20T16:15:38.646783+00:00,82,1088,0.08,24.75,60.49,
2026-01-20T16:15:39.167994+00:00,81,1062,0.08,24.75,60.51,
2026-01-20T16:15:39.724956+00:00,82,1077,0.06,24.75,60.52,
2026-01-20T16:15:40.324695+00:00,86,1072,0.06,24.74,60.49,
2026-01-20T16:15:40.876983+00:00,65,1041,0.09,24.75,60.47,
2026-01-20T16:16:55.130925+00:00,0,1072,10.35,24.63,61.06,85
2026-01-20T16:16:55.590464+00:00,73,1072,0.06,24.65,61.06,85
2026-01-20T16:16:56.239336+00:00,82,1085,0.05,24.66,61.0,85
2026-01-20T16:16:56.778253+00:00,83,1070,0.08,24.68,60.93,85
2026-01-20T16:16:57.284100+00:00,91,1085,0.08,24.68,60.85,85
2026-01-20T16:16:57.920395+00:00,73,1069,0.06,24.68,60.79,85
2026-01-20T16:16:58.408937+00:00,83,1069,0.08,24.69,60.76,85
2026-01-20T16:16:58.962495+00:00,84,1081,0.03,24.69,60.8,85
2026-01-20T16:16:59.483347+00:00,83,1069,0.34,24.69,60.8,85
2026-01-20T16:17:00.058427+00:00,76,1088,0.33,24.69,60.77,85
2026-01-20T16:17:00.598419+00:00,78,1070,0.06,24.69,60.76,85
2026-01-20T16:17:01.137775+00:00,78,1072,0.07,24.69,60.75,85
2026-01-20T16:17:01.690339+00:00,102,1082,0.06,24.69,60.75,85
2026-01-20T16:17:02.260116+00:00,72,1072,0.06,24.71,60.74,85
2026-01-20T16:17:02.816083+00:00,68,1074,0.07,24.7,60.7,85
2026-01-20T16:17:03.367022+00:00,98,1095,0.08,24.7,60.69,85
2026-01-20T16:17:03.907808+00:00,84,1070,0.09,24.7,60.67,85
2026-01-20T16:17:04.445431+00:00,84,1076,0.08,24.71,60.63,85
2026-01-20T16:17:05.026028+00:00,75,1055,0.03,24.7,60.62,85
2026-01-20T16:17:05.535722+00:00,81,1039,0.09,24.71,60.62,85
2026-01-20T16:17:06.121847+00:00,84,1055,0.07,24.72,60.66,85
2026-01-20T16:17:06.676313+00:00,91,1023,0.07,24.71,60.64,85
2026-01-20T16:17:07.200318+00:00,81,1046,0.05,24.73,60.69,85
2026-01-20T16:17:07.781791+00:00,89,1050,0.04,24.72,60.68,85
2026-01-20T16:17:08.353842+00:00,103,1049,0.06,24.72,60.67,85
2026-01-20T16:17:08.910163+00:00,75,1063,0.07,24.73,60.6,85
2026-01-20T16:17:09.431706+00:00,79,1051,0.09,24.71,60.56,85
2026-01-20T16:17:09.986648+00:00,83,1050,0.11,24.72,60.58,85
2026-01-20T16:17:10.590298+00:00,79,1063,0.08,24.71,60.55,85
2026-01-20T16:17:11.083398+00:00,80,1048,0.02,24.72,60.55,85
2026-01-20T16:17:11.635913+00:00,77,1059,0.06,24.73,60.52,85
2026-01-20T16:17:12.176050+00:00,79,1047,0.05,24.72,60.39,85
2026-01-20T16:17:12.712684+00:00,88,1051,0.06,24.71,60.37,85
2026-01-20T16:17:13.159146+00:00,71,1065,0.04,24.7,60.34,85
2026-01-20T16:17:13.838827+00:00,89,1042,0.07,24.71,60.37,85
2026-01-20T16:17:14.374074+00:00,88,1070,0.05,24.69,60.36,85
2026-01-20T16:17:14.962787+00:00,78,1054,0.06,24.7,60.36,85
2026-01-20T16:17:15.484757+00:00,77,1051,0.06,24.71,60.35,85
2026-01-20T16:17:16.040472+00:00,81,1072,0.03,24.69,60.36,85
2026-01-20T16:17:16.578072+00:00,80,1050,0.05,24.71,60.35,85
2026-01-20T16:17:17.176827+00:00,78,1047,0.06,24.71,60.36,85
2026-01-20T16:17:17.693553+00:00,75,1065,0.04,24.71,60.38,85
2026-01-20T16:17:18.265357+00:00,83,1053,0.09,24.69,60.37,85
2026-01-20T16:17:18.790644+00:00,69,1063,0.02,24.69,60.36,85
2026-01-20T16:17:19.347277+00:00,83,1023,0.08,24.7,60.4,85
2026-01-20T16:17:19.947790+00:00,76,1053,0.07,24.69,60.42,85
2026-01-20T16:17:20.471231+00:00,67,1059,0.05,24.69,60.47,85
2026-01-20T16:17:21.009913+00:00,83,1047,0.06,24.69,60.41,85
2026-01-20T16:17:21.550213+00:00,68,1066,0.07,24.69,60.41,85
2026-01-20T16:17:22.104709+00:00,93,1043,0.08,24.7,60.42,85
2026-01-20T16:17:22.674890+00:00,89,1043,0.05,24.69,60.44,85
2026-01-20T16:17:23.227683+00:00,78,1059,0.05,24.69,60.46,85
2026-01-20T16:17:23.752163+00:00,76,1041,0.03,24.7,60.47,85
2026-01-20T16:17:24.325060+00:00,74,1042,0.06,24.71,60.48,85
2026-01-20T16:17:24.861825+00:00,89,1065,0.01,24.71,60.49,85
2026-01-20T16:17:25.419841+00:00,75,1043,0.04,24.7,60.53,85
2026-01-20T16:17:26.025328+00:00,75,1065,0.07,24.71,60.53,85
2026-01-20T16:17:26.501633+00:00,74,1053,0.05,24.71,60.54,85
2026-01-20T16:17:27.280781+00:00,72,1045,0.03,24.72,60.55,85
2026-01-20T16:17:27.611731+00:00,81,1061,0.04,24.72,60.52,85
2026-01-20T16:17:28.163785+00:00,85,1041,0.08,24.71,60.44,85
2026-01-20T16:17:28.719156+00:00,67,1067,0.08,24.71,60.41,85
2026-01-20T16:17:29.320748+00:00,75,1045,0.03,24.71,60.41,85
2026-01-20T16:17:29.828136+00:00,89,1046,0.05,24.71,60.4,85
2026-01-20T16:17:30.416390+00:00,69,1057,0.05,24.71,60.4,85
2026-01-20T16:17:30.940279+00:00,85,1043,0.04,24.72,60.41,85
2026-01-20T16:17:31.527732+00:00,79,1047,0.07,24.71,60.41,85
2026-01-20T16:17:32.034427+00:00,88,1065,0.1,24.72,60.44,85
2026-01-20T16:17:32.621099+00:00,81,1046,0.06,24.72,60.45,85
2026-01-20T16:17:33.143705+00:00,81,1058,0.03,24.73,60.47,85
2026-01-20T16:17:33.697785+00:00,66,1045,0.03,24.73,60.51,85
2026-01-20T16:17:34.271499+00:00,90,1045,0.04,24.74,60.54,85
2026-01-20T16:17:34.840397+00:00,82,1060,0.05,24.73,60.54,85
2026-01-20T16:17:35.264931+00:00,100,1041,0.06,24.74,60.57,85
2026-01-20T16:17:35.900301+00:00,82,1022,0.06,24.74,60.59,85
2026-01-20T16:17:36.361711+00:00,85,1049,0.07,24.74,60.61,85
2026-01-20T16:17:36.978833+00:00,89,1042,0.05,24.74,60.64,85
2026-01-20T16:17:37.565254+00:00,69,1058,0.03,24.73,60.6,85
2026-01-20T16:17:38.263334+00:00,72,1043,0.03,24.74,60.6,85
2026-01-20T16:17:38.646050+00:00,74,1041,0.12,24.75,60.65,85
2026-01-20T16:17:39.169461+00:00,79,1065,0.13,24.74,60.68,85
2026-01-20T16:17:39.771737+00:00,80,1046,0.1,24.74,60.68,85
2026-01-20T16:17:40.341101+00:00,86,1057,0.06,24.74,60.7,85
2026-01-20T16:17:40.847833+00:00,77,1051,0.09,24.74,60.71,85
2026-01-20T16:17:41.609730+00:00,77,1041,0.08,24.75,60.73,85
2026-01-20T16:17:41.942318+00:00,82,1047,0.04,24.75,60.78,85
2026-01-20T16:17:42.511025+00:00,85,1043,0.06,24.74,60.83,85
2026-01-20T16:17:43.069486+00:00,65,1063,0.02,24.74,60.87,85
2026-01-20T16:17:43.609007+00:00,96,1042,0.06,24.74,60.9,85
2026-01-20T16:17:44.178103+00:00,73,1044,0.08,24.75,60.91,85
2026-01-20T16:17:44.717676+00:00,73,1066,0.04,24.74,60.9,85
2026-01-20T16:17:45.303124+00:00,70,1047,0.05,24.74,60.92,85
2026-01-20T16:17:45.838092+00:00,66,1043,0.06,24.74,60.86,85
2026-01-20T16:17:46.377845+00:00,80,1061,0.1,24.75,60.81,85
2026-01-20T16:17:46.949220+00:00,95,1043,0.08,24.74,60.8,85
2026-01-20T16:17:47.455448+00:00,79,1068,0.07,24.74,60.79,85
2026-01-20T16:17:48.246941+00:00,83,1043,0.04,24.75,60.79,85
2026-01-20T16:17:48.767451+00:00,71,1046,0.05,24.72,60.81,85
2026-01-20T16:17:49.148036+00:00,70,1063,0.07,24.74,60.83,85
2026-01-20T16:17:49.673153+00:00,73,1040,0.08,24.74,60.8,85
2026-01-20T16:17:50.228343+00:00,74,1056,0.07,24.74,60.82,85
2026-01-20T16:17:50.794576+00:00,96,1058,0.09,24.73,60.79,85
2026-01-20T16:17:51.364145+00:00,77,1056,0.09,24.73,60.74,85
2026-01-20T16:17:51.915926+00:00,73,1059,0.1,24.73,60.71,85
2026-01-20T16:17:52.437357+00:00,78,1035,0.05,24.73,60.73,85
2026-01-20T16:17:52.978133+00:00,83,1043,0.09,24.75,60.75,85
2026-01-20T16:17:53.547545+00:00,79,1062,0.09,24.75,60.78,85
2026-01-20T16:17:54.085970+00:00,87,1047,0.06,24.73,60.76,85
2026-01-20T16:17:54.654471+00:00,85,1058,0.07,24.75,60.78,85
2026-01-20T16:17:55.196039+00:00,86,1042,0.04,24.75,60.78,85
2026-01-20T16:17:55.762426+00:00,84,1046,0.03,24.76,60.78,85
2026-01-20T16:17:56.281987+00:00,67,1066,0.05,24.76,60.79,85
2026-01-20T16:17:56.853795+00:00,73,1044,0.04,24.77,60.8,85
2026-01-20T16:17:57.372490+00:00,81,1057,0.02,24.77,60.83,85
2026-01-20T16:17:57.971060+00:00,96,1047,0.05,24.75,60.82,85
2026-01-20T16:17:58.478974+00:00,73,1041,0.06,24.76,60.83,85
2026-01-20T16:17:59.035635+00:00,78,1061,0.06,24.76,60.8,85
2026-01-20T16:17:59.637083+00:00,71,1042,0.04,24.76,60.79,85
2026-01-20T16:18:00.144567+00:00,81,1043,0.06,24.76,60.76,85
2026-01-20T16:18:00.682956+00:00,80,1061,0.06,24.76,60.72,85
2026-01-20T16:18:01.237299+00:00,73,1042,0.07,24.78,60.73,85
2026-01-20T16:18:01.791024+00:00,73,1065,0.12,24.77,60.73,85
2026-01-20T16:18:02.348626+00:00,88,1040,0.07,24.77,60.73,85
2026-01-20T16:18:02.905689+00:00,82,1053,0.05,24.79,60.72,85
2026-01-20T16:18:03.477620+00:00,82,1065,0.1,24.78,60.73,85
2026-01-20T16:18:04.018018+00:00,75,1040,0.06,24.78,60.71,85
2026-01-20T16:18:04.558419+00:00,81,1059,0.05,24.78,60.71,85
2026-01-20T16:18:05.146271+00:00,64,1047,0.06,24.78,60.68,85
2026-01-20T16:18:05.719808+00:00,98,1061,0.08,24.79,60.68,85
2026-01-20T16:18:06.213713+00:00,84,1072,0.08,24.78,60.65,85
2026-01-20T16:18:06.751663+00:00,75,1045,0.06,24.78,60.65,85
2026-01-20T16:18:07.305302+00:00,91,1046,0.04,24.78,60.64,85
2026-01-20T16:18:07.876588+00:00,76,1065,0.04,24.77,60.65,85
2026-01-20T16:18:08.446418+00:00,68,1044,0.04,24.78,60.68,85
2026-01-20T16:18:08.968040+00:00,89,1054,0.05,24.78,60.69,85
2026-01-20T16:18:09.503604+00:00,83,1051,0.08,24.76,60.71,85
2026-01-20T16:18:10.074218+00:00,75,1044,0.09,24.78,60.71,85
2026-01-20T16:18:10.678917+00:00,85,1062,0.03,24.79,60.73,85
2026-01-20T16:18:11.201391+00:00,74,1043,0.04,24.78,60.7,85
2026-01-20T16:18:11.812546+00:00,75,1056,0.05,24.78,60.7,85
2026-01-20T16:18:12.302170+00:00,78,1043,0.03,24.78,60.71,85
2026-01-20T16:18:12.824799+00:00,74,1048,0.02,24.77,60.7,85
2026-01-20T16:18:13.363374+00:00,98,1049,0.06,24.78,60.72,85
2026-01-20T16:18:13.933448+00:00,77,1045,0.04,24.78,60.77,85
2026-01-20T16:18:14.503285+00:00,84,1040,0.04,24.79,60.82,85
2026-01-20T16:18:15.050460+00:00,81,1055,0.06,24.77,60.85,85
2026-01-20T16:18:15.622021+00:00,84,1052,0.05,24.78,60.84,85
2026-01-20T16:18:16.160847+00:00,89,1059,0.06,24.78,60.82,85
2026-01-20T16:18:16.682466+00:00,79,1043,0.07,24.76,60.83,85
2026-01-20T16:18:17.251436+00:00,84,1023,0.07,24.79,60.82,85
2026-01-20T16:18:17.837952+00:00,72,1034,0.06,24.79,60.85,85
2026-01-20T16:18:18.390291+00:00,80,1018,0.04,24.78,60.87,85
2026-01-20T16:18:18.945649+00:00,72,1040,0.05,24.78,60.87,85
2026-01-20T16:18:19.450997+00:00,63,1037,0.06,24.78,60.89,85
2026-01-20T16:18:19.992640+00:00,73,1023,0.06,24.77,60.9,85
2026-01-20T16:18:20.563058+00:00,76,1062,0.08,24.74,60.87,85
2026-01-20T16:18:21.085626+00:00,77,1042,0.04,24.77,60.85,85
2026-01-20T16:18:21.638007+00:00,96,1040,0.02,24.76,60.85,85
2026-01-20T16:18:22.192942+00:00,96,1055,0.1,24.76,60.9,85
2026-01-20T16:18:22.746972+00:00,76,1034,0.07,24.76,60.86,85
2026-01-20T16:18:23.301786+00:00,76,1050,0.09,24.77,60.8,85
2026-01-20T16:18:23.876194+00:00,74,1041,0.16,24.76,60.83,85
2026-01-20T16:18:24.448568+00:00,79,1040,0.12,24.76,60.85,85
2026-01-20T16:18:24.958156+00:00,92,1062,0.06,24.75,60.82,85
2026-01-20T16:18:25.431126+00:00,74,1046,0.01,24.75,60.8,85
2026-01-20T16:18:26.093912+00:00,70,1050,0.06,24.73,60.86,85
2026-01-20T16:18:26.616361+00:00,72,1044,0.08,24.74,60.9,85
2026-01-20T16:18:27.376411+00:00,76,1046,0.06,24.74,60.9,85
2026-01-20T16:18:27.820900+00:00,60,1075,0.01,24.74,60.9,85
2026-01-20T16:18:28.264639+00:00,71,1008,0.02,24.73,60.86,85
2026-01-20T16:18:28.817768+00:00,94,1069,0.04,24.74,60.89,85
2026-01-20T16:18:29.355851+00:00,79,1077,0.02,24.74,60.9,85
2026-01-20T16:18:29.896212+00:00,92,1071,0.06,24.74,60.92,85
2026-01-20T16:18:30.497794+00:00,78,1093,0.06,24.75,60.93,85
2026-01-20T16:18:31.084873+00:00,78,1070,0.05,24.75,60.93,85
2026-01-20T16:18:31.592228+00:00,69,1066,0.14,24.75,60.92,85
2026-01-20T16:18:32.131466+00:00,88,1069,0.11,24.76,60.92,85
2026-01-20T16:18:32.686032+00:00,77,1068,0.02,24.76,60.93,85
2026-01-20T16:18:33.236006+00:00,78,1084,0.09,24.76,60.94,85
2026-01-20T16:18:33.839564+00:00,85,1069,0.08,24.77,60.96,85
2026-01-20T16:18:34.348220+00:00,77,1061,0.1,24.77,60.97,85
2026-01-20T16:18:34.920486+00:00,81,1083,0.09,24.77,60.93,85
2026-01-20T16:18:35.426907+00:00,76,1068,0.07,24.77,60.91,85
2026-01-20T16:18:36.028794+00:00,93,1071,0.08,24.77,60.9,85
2026-01-20T16:18:36.582535+00:00,76,1087,0.06,24.77,60.9,85
2026-01-20T16:18:37.102006+00:00,74,1070,0.03,24.78,60.89,85
2026-01-20T16:18:37.626172+00:00,74,1090,0.04,24.78,60.87,85
2026-01-20T16:18:38.226500+00:00,76,1049,0.05,24.79,60.83,85
2026-01-20T16:18:38.752009+00:00,69,1068,0.06,24.78,60.83,85
2026-01-20T16:18:39.292153+00:00,89,1084,0.06,24.78,60.83,85
2026-01-20T16:18:39.818135+00:00,70,1072,0.03,24.78,60.84,85
2026-01-20T16:18:40.432920+00:00,71,1063,0.11,24.79,60.87,85
2026-01-20T16:18:40.941368+00:00,72,1072,0.1,24.79,60.87,85
2026-01-20T16:18:41.578709+00:00,82,1072,0.06,24.8,60.84,85
2026-01-20T16:18:42.085672+00:00,72,1086,0.02,24.79,60.84,85
2026-01-20T16:18:42.640327+00:00,84,1073,0.03,24.79,60.83,85
2026-01-20T16:18:43.434151+00:00,82,1059,0.06,24.81,60.87,85
2026-01-20T16:18:43.702444+00:00,69,1071,0.04,24.8,60.85,85
2026-01-20T16:18:44.258940+00:00,81,1073,0.02,24.8,60.84,85
2026-01-20T16:18:44.832602+00:00,84,1077,0.05,24.78,60.81,85
2026-01-20T16:18:45.325354+00:00,73,1002,0.07,24.79,60.76,85
2026-01-20T16:18:45.930218+00:00,67,1066,0.05,24.8,60.7,85
2026-01-20T16:18:46.470179+00:00,86,1091,0.04,24.8,60.66,85
2026-01-20T16:18:46.977059+00:00,92,1072,0.03,24.81,60.66,85
2026-01-20T16:18:47.592391+00:00,75,1075,0.07,24.8,60.7,85
2026-01-20T16:18:48.116438+00:00,86,1082,0.1,24.8,60.71,85
2026-01-20T16:18:48.684063+00:00,88,1073,0.07,24.78,60.74,85
2026-01-20T16:18:49.240203+00:00,75,1088,0.05,24.8,60.68,85
2026-01-20T16:18:49.811245+00:00,79,1071,0.01,24.8,60.64,85
2026-01-20T16:18:50.322544+00:00,87,1071,0.08,24.81,60.62,85
2026-01-20T16:18:50.890230+00:00,79,1088,0.08,24.81,60.61,85
2026-01-20T16:18:51.430910+00:00,76,1070,0.06,24.82,60.64,85
2026-01-20T16:18:51.998913+00:00,88,1085,0.05,24.81,60.65,85
2026-01-20T16:18:52.555432+00:00,65,1070,0.04,24.81,60.66,85
2026-01-20T16:18:53.077536+00:00,74,1062,0.05,24.81,60.65,85
2026-01-20T16:18:53.628286+00:00,72,1069,0.05,24.81,60.59,85
2026-01-20T16:18:54.199282+00:00,78,1046,0.06,24.8,60.56,85
2026-01-20T16:18:54.722262+00:00,71,1050,0.13,24.79,60.62,85
2026-01-20T16:18:55.278674+00:00,71,1071,0.15,24.8,60.62,85
2026-01-20T16:18:55.835702+00:00,83,1071,0.08,24.8,60.62,85
2026-01-20T16:18:56.376132+00:00,87,1083,0.09,24.8,60.6,85
2026-01-20T16:18:56.977236+00:00,96,1069,0.12,24.8,60.52,85
2026-01-20T16:18:57.562588+00:00,89,1071,0.14,24.79,60.46,85
2026-01-20T16:18:58.068116+00:00,73,1084,0.06,24.77,60.48,85
2026-01-20T16:18:58.730414+00:00,78,1070,0.13,24.79,60.45,85
2026-01-20T16:18:59.144065+00:00,90,1081,0.08,24.76,60.47,85
2026-01-20T16:18:59.699525+00:00,77,1072,0.07,24.78,60.47,85
2026-01-20T16:19:00.239966+00:00,72,1072,0.11,24.78,60.49,85
2026-01-20T16:19:00.796916+00:00,80,1085,0.12,24.79,60.5,85
2026-01-20T16:19:01.337465+00:00,70,1071,0.06,24.79,60.45,85
2026-01-20T16:19:01.909299+00:00,82,1070,0.08,24.78,60.44,85
2026-01-20T16:19:02.496436+00:00,81,1078,0.14,24.78,60.43,85
2026-01-20T16:19:03.000021+00:00,88,1072,0.12,24.78,60.4,85
2026-01-20T16:19:03.524685+00:00,72,1088,0.11,24.77,60.43,85
2026-01-20T16:19:04.097268+00:00,79,1072,0.08,24.76,60.4,85
2026-01-20T16:19:04.718041+00:00,68,1070,0.09,24.75,60.38,85
2026-01-20T16:19:05.240945+00:00,67,1083,0.12,24.77,60.43,85
2026-01-20T16:19:05.778885+00:00,76,1073,0.11,24.78,60.53,85
2026-01-20T16:19:06.351747+00:00,79,1077,0.06,24.77,60.51,85
2026-01-20T16:19:06.858924+00:00,61,1067,0.07,24.76,60.45,85
2026-01-20T16:19:07.459404+00:00,86,1062,0.06,24.74,60.37,85
2026-01-20T16:19:07.949015+00:00,76,1077,0.07,24.74,60.37,85
2026-01-20T16:19:08.520794+00:00,73,1073,0.07,24.73,60.37,85
2026-01-20T16:19:09.057919+00:00,79,1057,0.09,24.74,60.37,85
2026-01-20T16:19:09.502709+00:00,78,1076,0.11,24.75,60.3,85
2026-01-20T16:19:10.185229+00:00,88,1065,0.06,24.74,60.29,85
2026-01-20T16:19:10.718963+00:00,90,1087,0.09,24.74,60.32,85
2026-01-20T16:19:11.256732+00:00,81,1070,0.06,24.74,60.37,85
2026-01-20T16:19:11.842245+00:00,69,1068,0.08,24.75,60.38,85
2026-01-20T16:19:12.367071+00:00,75,1078,0.17,24.74,60.43,85
2026-01-20T16:19:12.956246+00:00,73,1065,0.13,24.74,60.49,85
2026-01-20T16:19:13.480852+00:00,68,1079,0.11,24.74,60.43,85
2026-01-20T16:19:14.052374+00:00,63,1062,0.04,24.73,60.37,85
2026-01-20T16:19:14.590157+00:00,92,1070,0.06,24.73,60.36,85
2026-01-20T16:19:15.112734+00:00,76,1077,0.06,24.72,60.3,85
2026-01-20T16:19:15.747401+00:00,73,1063,0.06,24.72,60.32,85
2026-01-20T16:19:16.238134+00:00,84,1067,0.06,24.74,60.33,85
2026-01-20T16:19:16.794875+00:00,80,1075,0.07,24.74,60.38,85
2026-01-20T16:19:17.348072+00:00,84,1063,0.07,24.74,60.44,85
2026-01-20T16:19:17.899666+00:00,76,1083,0.1,24.74,60.47,85
2026-01-20T16:19:18.481486+00:00,72,1063,0.08,24.75,60.49,85
2026-01-20T16:19:18.987317+00:00,82,1066,0.12,24.74,60.46,85
2026-01-20T16:19:19.571610+00:00,82,1074,0.21,24.74,60.42,85
2026-01-20T16:19:20.090569+00:00,79,1060,0.14,24.74,60.42,85
2026-01-20T16:19:20.645897+00:00,81,1072,0.06,24.74,60.44,85
2026-01-20T16:19:21.214985+00:00,59,1056,0.1,24.74,60.47,85
2026-01-20T16:19:21.770617+00:00,69,1060,0.07,24.74,60.49,85
2026-01-20T16:19:22.312848+00:00,64,1074,0.06,24.75,60.5,85
2026-01-20T16:19:22.869839+00:00,59,1049,0.07,24.75,60.49,85
2026-01-20T16:19:23.409284+00:00,66,1055,0.07,24.75,60.47,85
2026-01-20T16:19:23.977283+00:00,76,1073,0.06,24.75,60.45,85
2026-01-20T16:19:24.500919+00:00,62,1072,0.01,24.75,60.44,85
2026-01-20T16:19:25.041826+00:00,77,1073,0.02,24.76,60.43,85
2026-01-20T16:19:25.626378+00:00,71,1057,0.06,24.76,60.41,85
2026-01-20T16:19:26.149092+00:00,98,1058,0.11,24.75,60.38,85
2026-01-20T16:19:26.748602+00:00,76,1079,0.08,24.75,60.37,85
2026-01-20T16:19:27.477969+00:00,71,1056,0.13,24.75,60.37,85
2026-01-20T16:19:27.809145+00:00,73,1073,0.11,24.75,60.32,85
2026-01-20T16:19:28.360915+00:00,72,1063,0.1,24.74,60.32,85
2026-01-20T16:19:28.913614+00:00,77,1063,0.11,24.75,60.3,85
2026-01-20T16:19:29.543313+00:00,73,1072,0.06,24.74,60.25,85
2026-01-20T16:19:30.032753+00:00,78,1056,0.07,24.72,60.25,85
2026-01-20T16:19:30.557920+00:00,68,1050,0.07,24.75,60.24,85
2026-01-20T16:19:31.127639+00:00,97,1069,0.06,24.76,60.25,85
2026-01-20T16:19:31.667078+00:00,85,1060,0.07,24.76,60.24,85
2026-01-20T16:19:32.208177+00:00,79,1075,0.12,24.73,60.3,85
2026-01-20T16:19:32.779986+00:00,72,1057,0.1,24.75,60.27,85
2026-01-20T16:19:33.300141+00:00,71,1055,0.09,24.75,60.24,85
2026-01-20T16:19:33.919398+00:00,69,1071,0.06,24.76,60.22,85
2026-01-20T16:19:34.439120+00:00,64,1048,0.12,24.75,60.22,85
2026-01-20T16:19:34.961673+00:00,72,1072,0.11,24.75,60.27,85
2026-01-20T16:19:35.498983+00:00,82,1057,0.08,24.75,60.28,85
2026-01-20T16:19:36.115653+00:00,82,1049,0.09,24.76,60.26,85
2026-01-20T16:19:36.666452+00:00,76,1077,0.1,24.75,60.16,85
2026-01-20T16:19:37.234470+00:00,96,1063,0.14,24.74,60.09,85
2026-01-20T16:19:37.757955+00:00,86,1058,0.17,24.74,60.1,85
2026-01-20T16:19:38.324101+00:00,82,1079,0.06,24.74,60.09,85
2026-01-20T16:19:38.881157+00:00,83,1072,0.03,24.73,60.04,85
2026-01-20T16:19:39.434500+00:00,80,1082,0.07,24.72,60.04,85
2026-01-20T16:19:39.973394+00:00,70,1074,0.1,24.74,60.08,85
2026-01-20T16:19:40.497464+00:00,79,1071,0.1,24.73,60.11,85
2026-01-20T16:19:41.082948+00:00,73,1095,0.12,24.74,60.15,85
2026-01-20T16:19:41.618524+00:00,89,1071,0.09,24.75,60.17,85
2026-01-20T16:19:42.184227+00:00,82,1078,0.1,24.74,60.19,85
2026-01-20T16:19:42.708724+00:00,68,1066,0.08,24.74,60.19,85
2026-01-20T16:19:43.343026+00:00,75,1059,0.08,24.73,60.19,85
2026-01-20T16:19:43.816821+00:00,85,1085,0.17,24.74,60.14,85
2026-01-20T16:19:44.340594+00:00,84,1072,0.11,24.71,60.14,85
2026-01-20T16:19:45.100846+00:00,76,1068,0.06,24.73,60.15,85
2026-01-20T16:19:45.511354+00:00,94,1088,0.08,24.74,60.15,85
2026-01-20T16:19:46.035956+00:00,86,1072,0.07,24.73,60.08,85
2026-01-20T16:19:46.554860+00:00,74,1081,0.11,24.73,60.03,85
2026-01-20T16:19:47.137456+00:00,76,1073,0.16,24.71,60.04,85
2026-01-20T16:19:47.645371+00:00,77,1072,0.16,24.72,60.05,85
2026-01-20T16:19:48.246723+00:00,95,1081,0.14,24.72,60.09,85
2026-01-20T16:19:48.753929+00:00,60,1069,0.13,24.73,60.1,85
2026-01-20T16:19:49.415363+00:00,81,1078,0.11,24.73,60.13,85
2026-01-20T16:19:49.876970+00:00,76,1072,0.09,24.73,60.13,85
2026-01-20T16:19:50.447628+00:00,73,1065,0.07,24.73,60.12,85
2026-01-20T16:19:50.988292+00:00,78,1088,0.1,24.74,60.12,85
2026-01-20T16:19:51.521366+00:00,73,1075,0.11,24.74,60.14,85
2026-01-20T16:19:52.106396+00:00,60,1070,0.12,24.74,60.14,85
2026-01-20T16:19:52.645453+00:00,105,1079,0.16,24.74,60.14,85
2026-01-20T16:19:53.183523+00:00,76,1067,0.15,24.74,60.15,85
2026-01-20T16:19:53.769603+00:00,83,1082,0.07,24.75,60.15,85
2026-01-20T16:19:54.288028+00:00,86,1071,0.09,24.74,60.15,85
2026-01-20T16:19:54.828879+00:00,68,1067,0.1,24.75,60.18,85
2026-01-20T16:19:55.444937+00:00,67,1081,0.08,24.75,60.15,85
2026-01-20T16:19:55.919285+00:00,84,1070,0.09,24.75,60.09,85
2026-01-20T16:19:56.521833+00:00,82,1082,0.07,24.73,60.04,85
2026-01-20T16:19:57.074604+00:00,79,1069,0.11,24.74,59.95,85
2026-01-20T16:19:57.596759+00:00,86,1070,0.09,24.73,59.89,85
2026-01-20T16:19:58.119440+00:00,73,1081,0.05,24.71,59.88,85
2026-01-20T16:19:58.721500+00:00,72,1072,0.05,24.73,59.88,85
2026-01-20T16:19:59.273894+00:00,89,1069,0.05,24.73,59.89,85
2026-01-20T16:19:59.797630+00:00,88,1087,0.05,24.74,59.9,85
2026-01-20T16:20:00.461980+00:00,80,1059,0.04,24.73,59.92,85
2026-01-20T16:20:00.873551+00:00,76,1079,0.04,24.73,59.97,85
2026-01-20T16:20:01.447275+00:00,70,1043,0.07,24.73,59.98,85
2026-01-20T16:20:02.029140+00:00,77,1063,0.06,24.73,59.98,85
2026-01-20T16:20:02.547557+00:00,73,1072,0.07,24.73,60.01,85
2026-01-20T16:20:03.118055+00:00,73,1071,0.11,24.74,60.03,85
2026-01-20T16:20:03.653639+00:00,82,1065,0.12,24.74,60.07,85
2026-01-20T16:20:04.177831+00:00,94,1092,0.11,24.74,60.08,85
2026-01-20T16:20:04.825734+00:00,76,1079,0.1,24.73,60.12,85
2026-01-20T16:20:05.318801+00:00,93,1101,0.08,24.74,60.09,85
2026-01-20T16:20:05.857176+00:00,62,1082,0.11,24.73,60.05,85
2026-01-20T16:20:06.440430+00:00,87,1085,0.17,24.74,60.03,85
2026-01-20T16:20:06.949538+00:00,68,1092,0.13,24.73,60.04,85
2026-01-20T16:20:07.503753+00:00,62,1085,0.07,24.74,60.05,85
2026-01-20T16:20:08.105457+00:00,71,1098,0.05,24.74,60.05,85
2026-01-20T16:20:08.595788+00:00,75,1074,0.06,24.74,60.04,85
2026-01-20T16:20:09.184177+00:00,57,1074,0.08,24.74,60.02,85
2026-01-20T16:20:09.706098+00:00,66,1078,0.21,24.74,60.05,85
2026-01-20T16:27:38.971223+00:00,0,706,10.36,24.13,58.9,85
2026-01-20T16:27:39.482334+00:00,53,703,0.03,24.17,58.84,85
2026-01-20T16:27:40.067979+00:00,73,735,0.05,24.18,58.72,85
2026-01-20T16:27:40.625237+00:00,68,702,0.09,24.18,58.62,85
2026-01-20T16:27:41.178446+00:00,57,753,0.19,24.17,58.57,85
2026-01-20T16:27:41.737418+00:00,71,735,0.15,24.18,58.56,85
2026-01-20T16:27:42.294552+00:00,54,741,0.17,24.19,58.54,85
2026-01-20T16:27:42.833756+00:00,106,783,0.11,24.19,58.56,85
2026-01-20T16:27:43.393037+00:00,80,727,0.5,24.19,58.64,85
2026-01-20T16:27:43.931281+00:00,89,769,0.58,24.19,58.69,85
2026-01-20T16:27:44.523395+00:00,57,704,0.09,24.19,58.71,85
2026-01-20T16:27:45.045657+00:00,101,678,0.09,24.19,58.71,85
2026-01-20T16:27:45.584729+00:00,108,717,0.14,24.19,58.72,85
2026-01-20T16:27:46.148148+00:00,77,689,0.13,24.19,58.68,85
2026-01-20T16:27:46.689329+00:00,96,734,0.16,24.18,58.64,85
2026-01-20T16:27:47.383104+00:00,74,788,0.08,24.19,58.63,85
2026-01-20T16:27:47.797422+00:00,109,729,0.04,24.19,58.63,85
2026-01-20T16:27:48.372617+00:00,80,789,0.08,24.19,58.63,85
2026-01-20T16:27:48.893918+00:00,89,753,0.07,24.19,58.61,85
2026-01-20T16:27:49.466414+00:00,93,750,0.1,24.19,58.61,85
2026-01-20T16:27:50.017492+00:00,72,781,0.06,24.19,58.62,85
2026-01-20T16:27:50.605006+00:00,114,737,0.09,24.18,58.62,85
